name,total_count,image_link
Abolu,399,https://shdw-drive.genesysgo.net/CbWGfYfTJvBfBXCsQPj3Hvvxvfgm3bVkxMSBHJGgdQp1/093.png
Akiya,159,https://shdw-drive.genesysgo.net/CbWGfYfTJvBfBXCsQPj3Hvvxvfgm3bVkxMSBHJGgdQp1/051.png
Baaskom,119,https://shdw-drive.genesysgo.net/CbWGfYfTJvBfBXCsQPj3Hvvxvfgm3bVkxMSBHJGgdQp1/015.png
Bakuryu,53,https://shdw-drive.genesysgo.net/CbWGfYfTJvBfBXCsQPj3Hvvxvfgm3bVkxMSBHJGgdQp1/008.png
Bleere,341,https://shdw-drive.genesysgo.net/CbWGfYfTJvBfBXCsQPj3Hvvxvfgm3bVkxMSBHJGgdQp1/039.png
Bonki,1035,https://shdw-drive.genesysgo.net/CbWGfYfTJvBfBXCsQPj3Hvvxvfgm3bVkxMSBHJGgdQp1/033.png
Brainvol,1164,https://shdw-drive.genesysgo.net/CbWGfYfTJvBfBXCsQPj3Hvvxvfgm3bVkxMSBHJGgdQp1/058.png
Brocol,686,https://shdw-drive.genesysgo.net/CbWGfYfTJvBfBXCsQPj3Hvvxvfgm3bVkxMSBHJGgdQp1/061.png
Bunta,108,https://shdw-drive.genesysgo.net/CbWGfYfTJvBfBXCsQPj3Hvvxvfgm3bVkxMSBHJGgdQp1/060.png
Cylukba,683,https://shdw-drive.genesysgo.net/CbWGfYfTJvBfBXCsQPj3Hvvxvfgm3bVkxMSBHJGgdQp1/062.png
Dajou,1047,https://shdw-drive.genesysgo.net/CbWGfYfTJvBfBXCsQPj3Hvvxvfgm3bVkxMSBHJGgdQp1/095.png
Daronu,100,https://shdw-drive.genesysgo.net/CbWGfYfTJvBfBXCsQPj3Hvvxvfgm3bVkxMSBHJGgdQp1/105.png
Dompo,276,https://shdw-drive.genesysgo.net/CbWGfYfTJvBfBXCsQPj3Hvvxvfgm3bVkxMSBHJGgdQp1/029.png
Farsyx,751,https://shdw-drive.genesysgo.net/CbWGfYfTJvBfBXCsQPj3Hvvxvfgm3bVkxMSBHJGgdQp1/026.png
Fixeon,690,https://shdw-drive.genesysgo.net/CbWGfYfTJvBfBXCsQPj3Hvvxvfgm3bVkxMSBHJGgdQp1/073.png
Gilala,953,https://shdw-drive.genesysgo.net/CbWGfYfTJvBfBXCsQPj3Hvvxvfgm3bVkxMSBHJGgdQp1/065.png
Gimu,289,https://shdw-drive.genesysgo.net/CbWGfYfTJvBfBXCsQPj3Hvvxvfgm3bVkxMSBHJGgdQp1/035.png
Henca,209,https://shdw-drive.genesysgo.net/CbWGfYfTJvBfBXCsQPj3Hvvxvfgm3bVkxMSBHJGgdQp1/096.png
Janga,325,https://shdw-drive.genesysgo.net/CbWGfYfTJvBfBXCsQPj3Hvvxvfgm3bVkxMSBHJGgdQp1/071.png
Jilua,472,https://shdw-drive.genesysgo.net/CbWGfYfTJvBfBXCsQPj3Hvvxvfgm3bVkxMSBHJGgdQp1/017.png
Kakila,246,https://shdw-drive.genesysgo.net/CbWGfYfTJvBfBXCsQPj3Hvvxvfgm3bVkxMSBHJGgdQp1/049.png
Kaktees,187,https://shdw-drive.genesysgo.net/CbWGfYfTJvBfBXCsQPj3Hvvxvfgm3bVkxMSBHJGgdQp1/042.png
Karii,223,https://shdw-drive.genesysgo.net/CbWGfYfTJvBfBXCsQPj3Hvvxvfgm3bVkxMSBHJGgdQp1/066.png
Karuku,254,https://shdw-drive.genesysgo.net/CbWGfYfTJvBfBXCsQPj3Hvvxvfgm3bVkxMSBHJGgdQp1/075.png
Loge,213,https://shdw-drive.genesysgo.net/CbWGfYfTJvBfBXCsQPj3Hvvxvfgm3bVkxMSBHJGgdQp1/055.png
Luvus,201,https://shdw-drive.genesysgo.net/CbWGfYfTJvBfBXCsQPj3Hvvxvfgm3bVkxMSBHJGgdQp1/011.png
Lynoo,710,https://shdw-drive.genesysgo.net/CbWGfYfTJvBfBXCsQPj3Hvvxvfgm3bVkxMSBHJGgdQp1/046.png
Micuwa,2043,https://shdw-drive.genesysgo.net/CbWGfYfTJvBfBXCsQPj3Hvvxvfgm3bVkxMSBHJGgdQp1/097.png
Mopi,504,https://shdw-drive.genesysgo.net/CbWGfYfTJvBfBXCsQPj3Hvvxvfgm3bVkxMSBHJGgdQp1/076.png
Moti Moti,136,https://shdw-drive.genesysgo.net/CbWGfYfTJvBfBXCsQPj3Hvvxvfgm3bVkxMSBHJGgdQp1/090.png
Murbaud,218,https://shdw-drive.genesysgo.net/CbWGfYfTJvBfBXCsQPj3Hvvxvfgm3bVkxMSBHJGgdQp1/037.png
Namaru,270,https://shdw-drive.genesysgo.net/CbWGfYfTJvBfBXCsQPj3Hvvxvfgm3bVkxMSBHJGgdQp1/082.png
Nonata,358,https://shdw-drive.genesysgo.net/CbWGfYfTJvBfBXCsQPj3Hvvxvfgm3bVkxMSBHJGgdQp1/036.png
Paow,259,https://shdw-drive.genesysgo.net/CbWGfYfTJvBfBXCsQPj3Hvvxvfgm3bVkxMSBHJGgdQp1/030.png
Richost,231,https://shdw-drive.genesysgo.net/CbWGfYfTJvBfBXCsQPj3Hvvxvfgm3bVkxMSBHJGgdQp1/083.png
Sludgi,411,https://shdw-drive.genesysgo.net/CbWGfYfTJvBfBXCsQPj3Hvvxvfgm3bVkxMSBHJGgdQp1/085.png
Taboa,759,https://shdw-drive.genesysgo.net/CbWGfYfTJvBfBXCsQPj3Hvvxvfgm3bVkxMSBHJGgdQp1/092.png
Tala & Tele,1327,https://shdw-drive.genesysgo.net/CbWGfYfTJvBfBXCsQPj3Hvvxvfgm3bVkxMSBHJGgdQp1/069.png
Tepos,89,https://shdw-drive.genesysgo.net/CbWGfYfTJvBfBXCsQPj3Hvvxvfgm3bVkxMSBHJGgdQp1/088.png
Uta,112,https://shdw-drive.genesysgo.net/CbWGfYfTJvBfBXCsQPj3Hvvxvfgm3bVkxMSBHJGgdQp1/022.png
Wadu,1318,https://shdw-drive.genesysgo.net/CbWGfYfTJvBfBXCsQPj3Hvvxvfgm3bVkxMSBHJGgdQp1/044.png
Xeobot,854,https://shdw-drive.genesysgo.net/CbWGfYfTJvBfBXCsQPj3Hvvxvfgm3bVkxMSBHJGgdQp1/074.png
Zenjil,819,https://shdw-drive.genesysgo.net/CbWGfYfTJvBfBXCsQPj3Hvvxvfgm3bVkxMSBHJGgdQp1/091.png
Tonda,200,https://shdw-drive.genesysgo.net/CbWGfYfTJvBfBXCsQPj3Hvvxvfgm3bVkxMSBHJGgdQp1/023.png
